-- MySQL Administrator dump 1.4
--
-- ------------------------------------------------------
-- Server version	5.5.5-10.1.9-MariaDB


/*!40101 SET @OLD_CHARACTER_SET_CLIENT=@@CHARACTER_SET_CLIENT */;
/*!40101 SET @OLD_CHARACTER_SET_RESULTS=@@CHARACTER_SET_RESULTS */;
/*!40101 SET @OLD_COLLATION_CONNECTION=@@COLLATION_CONNECTION */;
/*!40101 SET NAMES utf8 */;

/*!40014 SET @OLD_UNIQUE_CHECKS=@@UNIQUE_CHECKS, UNIQUE_CHECKS=0 */;
/*!40014 SET @OLD_FOREIGN_KEY_CHECKS=@@FOREIGN_KEY_CHECKS, FOREIGN_KEY_CHECKS=0 */;
/*!40101 SET @OLD_SQL_MODE=@@SQL_MODE, SQL_MODE='NO_AUTO_VALUE_ON_ZERO' */;


--
-- Create schema obdserver
--

CREATE DATABASE IF NOT EXISTS obdserver;
USE obdserver;

--
-- Temporary table structure for view `getvechiledata`
--
DROP TABLE IF EXISTS `getvechiledata`;
DROP VIEW IF EXISTS `getvechiledata`;
CREATE TABLE `getvechiledata` (
  `obdid` int(10) unsigned,
  `vehicleid` varchar(45),
  `latsend` double,
  `lngsend` double,
  `time` timestamp
);

--
-- Definition of table `alerts`
--

DROP TABLE IF EXISTS `alerts`;
CREATE TABLE `alerts` (
  `alertId` int(10) unsigned NOT NULL AUTO_INCREMENT,
  `alerttype` varchar(45) NOT NULL,
  `val` varchar(45) NOT NULL,
  `ownerid` int(10) unsigned NOT NULL,
  `vehicleId` int(10) unsigned DEFAULT NULL,
  PRIMARY KEY (`alertId`)
) ENGINE=MyISAM AUTO_INCREMENT=27 DEFAULT CHARSET=latin1;

--
-- Dumping data for table `alerts`
--

/*!40000 ALTER TABLE `alerts` DISABLE KEYS */;
INSERT INTO `alerts` (`alertId`,`alerttype`,`val`,`ownerid`,`vehicleId`) VALUES 
 (25,'S','100',20,18),
 (26,'P','pune maharashtra',15,6);
/*!40000 ALTER TABLE `alerts` ENABLE KEYS */;


--
-- Definition of table `obdserver`
--

DROP TABLE IF EXISTS `obdserver`;
CREATE TABLE `obdserver` (
  `load_pct` double DEFAULT NULL,
  `temp` double DEFAULT NULL,
  `rpm` double DEFAULT NULL,
  `vss` double DEFAULT NULL,
  `iat` double DEFAULT NULL,
  `maf` double DEFAULT NULL,
  `throttlepos` double DEFAULT NULL,
  `time` timestamp NOT NULL DEFAULT CURRENT_TIMESTAMP,
  `obdid` int(10) unsigned NOT NULL AUTO_INCREMENT,
  `vehicleId` varchar(45) DEFAULT NULL,
  `latsend` double DEFAULT NULL,
  `lngsend` double DEFAULT NULL,
  `timeLong` decimal(20,0) DEFAULT '0',
  PRIMARY KEY (`obdid`),
  UNIQUE KEY `IDX_OBDTIME` (`timeLong`) USING BTREE
) ENGINE=MyISAM AUTO_INCREMENT=77263 DEFAULT CHARSET=latin1;

--
-- Dumping data for table `obdserver`
--

/*!40000 ALTER TABLE `obdserver` DISABLE KEYS */;
INSERT INTO `obdserver` (`load_pct`,`temp`,`rpm`,`vss`,`iat`,`maf`,`throttlepos`,`time`,`obdid`,`vehicleId`,`latsend`,`lngsend`,`timeLong`) VALUES 
 (0,0,0,0,0,0,6.699999809265137,'2016-03-11 04:45:02',77055,'12',0,0,'0'),
 (0,0,0,0,0,0,6.699999809265137,'2016-03-11 04:45:02',77056,'12',0,0,'1457694902331'),
 (0,0,0,0,0,0,6.699999809265137,'2016-03-11 04:45:05',77057,'12',0,0,'1457694905064'),
 (0,0,1825,0,0,0,7.5,'2016-03-11 04:45:09',77058,'12',0,0,'1457694909062'),
 (0,0,1537,0,0,0,7.099999904632568,'2016-03-11 04:45:13',77059,'12',0,0,'1457694913056'),
 (0,0,1462,0,0,0,7.099999904632568,'2016-03-11 04:45:17',77060,'12',0,0,'1457694917071'),
 (0,0,1450,0,0,0,7.099999904632568,'2016-03-11 04:45:21',77061,'12',0,0,'1457694921067'),
 (0,0,1450,0,0,0,7.099999904632568,'2016-03-11 04:45:25',77062,'12',0,0,'1457694925066'),
 (0,0,2125,0,0,0,12.5,'2016-03-11 04:45:29',77063,'12',0,0,'1457694929082'),
 (0,0,2187,0,0,0,7.5,'2016-03-11 04:45:33',77064,'12',0,0,'1457694933074'),
 (0,0,2025,0,0,0,6.699999809265137,'2016-03-11 04:45:37',77065,'12',0,0,'1457694937082'),
 (0,0,1362,0,0,0,6.300000190734863,'2016-03-11 04:45:41',77066,'12',0,0,'1457694941082'),
 (0,0,1262,0,0,0,5.900000095367432,'2016-03-11 04:45:45',77067,'12',0,0,'1457694945100'),
 (0,0,1212,0,0,0,5.900000095367432,'2016-03-11 04:45:49',77068,'12',0,0,'1457694949083'),
 (0,0,1187,0,0,0,5.900000095367432,'2016-03-11 04:45:53',77069,'12',0,0,'1457694953112'),
 (0,0,1162,0,0,0,5.5,'2016-03-11 04:45:57',77070,'12',0,0,'1457694957123'),
 (0,0,1412,0,0,0,5.900000095367432,'2016-03-11 04:46:01',77071,'12',0,0,'1457694961189'),
 (0,0,1137,0,0,0,5.5,'2016-03-11 04:46:05',77072,'12',0,0,'1457694965098'),
 (0,0,1125,0,0,0,5.5,'2016-03-11 04:46:09',77073,'12',0,0,'1457694969174'),
 (0,0,1362,0,0,0,6.300000190734863,'2016-03-11 04:46:13',77074,'12',0,0,'1457694973129'),
 (0,0,1100,0,0,0,5.5,'2016-03-11 04:46:17',77075,'12',0,0,'1457694977165'),
 (0,0,1100,0,0,0,5.099999904632568,'2016-03-11 04:46:21',77076,'12',0,0,'1457694981147'),
 (0,0,212,0,0,0,5.099999904632568,'2016-03-11 04:46:25',77077,'12',0,0,'1457694985147'),
 (0,0,0,0,0,0,0,'2016-03-11 04:46:29',77078,'12',0,0,'1457694989262'),
 (0,0,0,0,0,0,6.300000190734863,'2016-03-11 04:46:33',77079,'12',0,0,'1457694993142'),
 (0,0,0,0,0,0,6.300000190734863,'2016-03-11 04:46:37',77080,'12',0,0,'1457694997166'),
 (0,0,0,0,0,0,0,'2016-03-11 04:46:41',77081,'12',0,0,'1457695001255'),
 (0,0,0,0,0,0,0,'2016-03-11 04:46:44',77082,'12',0,0,'1457695004054'),
 (0,0,0,0,0,0,0,'2016-03-11 04:46:44',77083,'12',0,0,'1457695004102'),
 (0,0,0,0,0,0,0,'2016-03-03 07:52:08',77084,'6',18.5089143,73.7917486,'1457014928652'),
 (0,0,0,0,0,0,0,'2016-03-03 07:52:22',77085,'6',18.5089819,73.7917405,'1457014942525'),
 (0,0,0,0,0,0,5.099999904632568,'2016-03-03 07:52:24',77086,'6',18.5086153,73.7910651,'1457014944188'),
 (0,0,0,0,0,0,5.099999904632568,'2016-03-03 07:52:28',77087,'6',18.5086153,73.7910651,'1457014948158'),
 (0,0,0,0,0,0,5.099999904632568,'2016-03-03 07:52:32',77088,'6',18.5086153,73.7910651,'1457014952144'),
 (0,0,1712,0,0,0,9.399999618530273,'2016-03-03 07:52:36',77089,'6',18.5086153,73.7910651,'1457014956165'),
 (0,0,1587,0,0,0,11,'2016-03-03 07:52:40',77090,'6',18.5086153,73.7910651,'1457014960141'),
 (0,0,1887,0,0,0,7.099999904632568,'2016-03-03 07:52:44',77091,'6',18.5086153,73.7910651,'1457014964162'),
 (0,0,2912,0,0,0,7.099999904632568,'2016-03-03 07:52:48',77092,'6',18.5090968,73.7917594,'1457014968156'),
 (0,0,1500,0,0,0,6.300000190734863,'2016-03-03 07:52:52',77093,'6',18.5090968,73.7917594,'1457014972160'),
 (0,0,1437,0,0,0,6.699999809265137,'2016-03-03 07:52:56',77094,'6',18.5090968,73.7917594,'1457014976170'),
 (0,0,1450,0,0,0,6.699999809265137,'2016-03-03 07:53:00',77095,'6',18.5090926,73.7917588,'1457014980157'),
 (0,0,2062,0,0,0,6.699999809265137,'2016-03-03 07:53:04',77096,'6',18.5090926,73.7917588,'1457014984179'),
 (0,0,1362,0,0,0,6.300000190734863,'2016-03-03 07:53:08',77097,'6',18.5090926,73.7917588,'1457014988150'),
 (0,0,1512,0,0,0,6.300000190734863,'2016-03-03 07:53:12',77098,'6',18.5090993,73.7917584,'1457014992170'),
 (0,0,1300,0,0,0,5.900000095367432,'2016-03-03 07:53:16',77099,'6',18.5090993,73.7917584,'1457014996184'),
 (0,0,1212,0,0,0,5.5,'2016-03-03 07:53:20',77100,'6',18.5090993,73.7917584,'1457015000158'),
 (0,0,187,0,0,0,1.2000000476837158,'2016-03-03 07:53:24',77101,'6',18.5090773,73.7917604,'1457015004188'),
 (0,0,0,0,0,0,0,'2016-03-03 07:53:28',77102,'6',18.5090773,73.7917604,'1457015008316'),
 (0,0,0,0,0,0,0,'2016-03-03 07:53:32',77103,'6',18.5090773,73.7917604,'1457015012319'),
 (0,0,0,0,0,0,0,'2016-03-03 07:53:36',77104,'6',18.5089943,73.7917292,'1457015016370'),
 (0,0,0,0,0,0,0,'2016-03-03 07:53:40',77105,'6',18.5089943,73.7917292,'1457015020364'),
 (0,0,0,0,0,0,0,'2016-03-03 07:53:44',77106,'6',18.5089943,73.7917292,'1457015024351'),
 (0,0,0,0,0,0,0,'2016-03-03 07:53:48',77107,'6',18.5089794,73.7917423,'1457015028369'),
 (0,0,0,0,0,0,0,'2016-03-03 07:53:52',77108,'6',18.5089794,73.7917423,'1457015032351'),
 (0,0,0,0,0,0,0,'2016-03-03 07:53:56',77109,'6',18.5089794,73.7917423,'1457015036360'),
 (0,0,0,0,0,0,0,'2016-03-03 07:54:00',77110,'6',18.5089066,73.791718,'1457015040377'),
 (0,0,0,0,0,0,0,'2016-03-03 07:54:04',77111,'6',18.5089066,73.791718,'1457015044355'),
 (0,0,0,0,0,0,0,'2016-03-03 07:54:08',77112,'6',18.5089066,73.791718,'1457015048384'),
 (0,0,0,0,0,0,0,'2016-03-03 07:54:12',77113,'6',18.5089462,73.7916809,'1457015052368'),
 (0,0,0,0,0,0,0,'2016-03-03 07:54:16',77114,'6',18.5089462,73.7916809,'1457015056393'),
 (0,0,0,0,0,0,0,'2016-03-03 07:54:20',77115,'6',18.5089462,73.7916809,'1457015060388'),
 (0,0,0,0,0,0,0,'2016-03-03 07:54:24',77116,'6',18.5089366,73.7917071,'1457015064396'),
 (0,0,0,0,0,0,0,'2016-03-03 07:54:28',77117,'6',18.5089366,73.7917071,'1457015068400'),
 (0,0,0,0,0,0,0,'2016-03-03 07:54:32',77118,'6',18.5089366,73.7917071,'1457015072405'),
 (0,0,0,0,0,0,0,'2016-03-03 07:54:36',77119,'6',18.5089067,73.7917427,'1457015076431'),
 (0,0,0,0,0,0,0,'2016-03-03 07:54:40',77120,'6',18.5089067,73.7917427,'1457015080449'),
 (0,0,0,0,0,0,0,'2016-03-03 07:54:44',77121,'6',18.5089067,73.7917427,'1457015084424'),
 (0,0,0,0,0,0,0,'2016-03-03 07:54:48',77122,'6',18.5089663,73.7917587,'1457015088412'),
 (0,0,0,0,0,0,0,'2016-03-03 07:54:52',77123,'6',18.5089663,73.7917587,'1457015092420'),
 (0,0,0,0,0,0,0,'2016-03-03 07:54:56',77124,'6',18.5089663,73.7917587,'1457015096448'),
 (0,0,0,0,0,0,0,'2016-03-03 07:55:00',77125,'6',18.5090087,73.7917173,'1457015100421'),
 (0,0,0,0,0,0,0,'2016-03-03 07:55:04',77126,'6',18.5090087,73.7917173,'1457015104436'),
 (0,0,0,0,0,0,0,'2016-03-03 07:55:08',77127,'6',18.5090087,73.7917173,'1457015108452'),
 (0,0,0,0,0,0,0,'2016-03-03 07:55:12',77128,'6',18.5089138,73.7917449,'1457015112431'),
 (0,0,0,0,0,0,0,'2016-03-03 07:55:16',77129,'6',18.5089138,73.7917449,'1457015116437'),
 (0,0,0,0,0,0,0,'2016-03-03 07:55:20',77130,'6',18.5089138,73.7917449,'1457015120428'),
 (0,0,0,0,0,0,0,'2016-03-03 07:55:24',77131,'6',18.5089174,73.7917391,'1457015124459'),
 (0,0,0,0,0,0,0,'2016-03-03 07:55:28',77132,'6',18.5089174,73.7917391,'1457015128460'),
 (0,0,0,0,0,0,0,'2016-03-03 07:55:32',77133,'6',18.5089174,73.7917391,'1457015132444'),
 (0,0,0,0,0,0,0,'2016-03-03 07:55:36',77134,'6',18.508915,73.7917438,'1457015136449'),
 (0,0,0,0,0,0,0,'2016-03-03 07:55:40',77135,'6',18.508915,73.7917438,'1457015140458'),
 (0,0,0,0,0,0,0,'2016-03-03 07:55:44',77136,'6',18.508915,73.7917438,'1457015144461'),
 (0,0,0,0,0,0,0,'2016-03-03 07:55:48',77137,'6',18.508915,73.7917438,'1457015148473'),
 (0,0,0,0,0,0,5.099999904632568,'2016-03-03 07:55:52',77138,'6',18.508915,73.7917438,'1457015152373'),
 (0,0,0,0,0,0,5.099999904632568,'2016-03-03 07:55:56',77139,'6',18.508915,73.7917438,'1457015156279'),
 (0,0,0,0,0,0,5.099999904632568,'2016-03-03 07:56:00',77140,'6',18.5086153,73.7910651,'1457015160273'),
 (0,0,0,0,0,0,5.099999904632568,'2016-03-03 07:56:04',77141,'6',18.5086153,73.7910651,'1457015164286'),
 (0,0,0,0,0,0,5.099999904632568,'2016-03-03 07:56:08',77142,'6',18.5086153,73.7910651,'1457015168263'),
 (0,0,0,0,0,0,5.099999904632568,'2016-03-03 07:56:12',77143,'6',18.5086153,73.7910651,'1457015172268'),
 (0,0,0,0,0,0,5.099999904632568,'2016-03-03 07:56:16',77144,'6',18.5086153,73.7910651,'1457015176290'),
 (0,0,0,0,0,0,5.099999904632568,'2016-03-03 07:56:20',77145,'6',18.5086153,73.7910651,'1457015180276'),
 (0,0,0,0,0,0,5.099999904632568,'2016-03-03 07:56:24',77146,'6',18.5086153,73.7910651,'1457015184265'),
 (0,0,0,0,0,0,5.099999904632568,'2016-03-03 07:56:28',77147,'6',18.5086153,73.7910651,'1457015188262'),
 (0,0,0,0,0,0,5.099999904632568,'2016-03-03 07:56:32',77148,'6',18.5086153,73.7910651,'1457015192280'),
 (0,0,0,0,0,0,5.099999904632568,'2016-03-03 07:56:36',77149,'6',18.5086153,73.7910651,'1457015196278'),
 (0,0,0,0,0,0,5.099999904632568,'2016-03-03 07:56:40',77150,'6',18.5086153,73.7910651,'1457015200283'),
 (0,0,0,0,0,0,5.099999904632568,'2016-03-03 07:56:44',77151,'6',18.5086153,73.7910651,'1457015204271'),
 (0,0,0,0,0,0,5.099999904632568,'2016-03-03 07:56:48',77152,'6',18.5089202,73.7917425,'1457015208290'),
 (0,0,0,0,0,0,5.099999904632568,'2016-03-03 07:56:52',77153,'6',18.5089202,73.7917425,'1457015212267'),
 (0,0,0,0,0,0,5.099999904632568,'2016-03-03 07:56:56',77154,'6',18.5089202,73.7917425,'1457015216334'),
 (0,0,0,0,0,0,0,'2016-03-03 07:57:00',77155,'6',18.508918,73.7917109,'1457015220139'),
 (0,0,0,0,0,0,5.099999904632568,'2016-03-03 07:57:02',77156,'6',18.508918,73.7917109,'1457015222810'),
 (0,0,0,0,0,0,0,'2016-03-03 07:57:02',77157,'6',18.508918,73.7917109,'1457015222827'),
 (0,0,0,0,0,0,0,'2016-03-03 07:57:06',77158,'6',18.508918,73.7917109,'1457015226814'),
 (0,0,0,0,0,0,0,'2016-03-03 07:57:06',77159,'6',18.508918,73.7917109,'1457015226833'),
 (0,0,0,0,0,0,0,'2016-03-03 07:57:10',77160,'6',18.5089799,73.7917437,'1457015230816'),
 (0,0,0,0,0,0,0,'2016-03-03 07:57:14',77161,'6',18.5089799,73.7917437,'1457015234818'),
 (0,0,0,0,0,0,0,'2016-03-03 07:57:18',77162,'6',18.5089799,73.7917437,'1457015238817'),
 (0,0,0,0,0,0,0,'2016-03-03 07:57:18',77163,'6',18.5089799,73.7917437,'1457015238840'),
 (0,0,0,0,0,0,0,'2016-03-03 07:57:22',77164,'6',18.5089221,73.7918075,'1457015242819'),
 (0,0,0,0,0,0,0,'2016-03-03 07:57:22',77165,'6',18.5089221,73.7918075,'1457015242839'),
 (0,0,0,0,0,0,0,'2016-03-03 07:57:26',77166,'6',18.5089221,73.7918075,'1457015246822'),
 (0,0,0,0,0,0,0,'2016-03-03 07:57:30',77167,'6',18.5089221,73.7918075,'1457015250823'),
 (0,0,0,0,0,0,0,'2016-03-03 07:57:34',77168,'6',18.5089219,73.7918044,'1457015254825'),
 (0,0,0,0,0,0,0,'2016-03-03 07:57:38',77169,'6',18.5089219,73.7918044,'1457015258824'),
 (0,0,0,0,0,0,0,'2016-03-03 07:57:38',77170,'6',18.5089219,73.7918044,'1457015258851'),
 (0,0,0,0,0,0,0,'2016-03-03 07:57:42',77171,'6',18.5089219,73.7918044,'1457015262832'),
 (0,0,0,0,0,0,0,'2016-03-03 07:57:46',77172,'6',18.5089235,73.7918047,'1457015266833'),
 (0,0,0,0,0,0,0,'2016-03-03 07:57:46',77173,'6',18.5089235,73.7918047,'1457015266854'),
 (0,0,0,0,0,0,0,'2016-03-03 07:57:50',77174,'6',18.5089235,73.7918047,'1457015270837'),
 (0,0,0,0,0,0,0,'2016-03-03 07:57:54',77175,'6',18.5089235,73.7918047,'1457015274842'),
 (0,0,0,0,0,0,0,'2016-03-03 07:57:54',77176,'6',18.5089235,73.7918047,'1457015274862'),
 (0,0,0,0,0,0,0,'2016-03-03 07:57:58',77177,'6',18.5089864,73.7917791,'1457015278851'),
 (0,0,0,0,0,0,0,'2016-03-03 07:57:58',77178,'6',18.5089864,73.7917791,'1457015278928'),
 (0,0,0,0,0,0,0,'2016-03-03 07:58:02',77179,'6',18.5089864,73.7917791,'1457015282858'),
 (0,0,0,0,0,0,0,'2016-03-03 07:58:06',77180,'6',18.5089864,73.7917791,'1457015286859'),
 (0,0,0,0,0,0,0,'2016-03-03 07:58:06',77181,'6',18.5089864,73.7917791,'1457015286893'),
 (0,0,0,0,0,0,0,'2016-03-03 07:58:10',77182,'6',18.5089202,73.7916675,'1457015290864'),
 (0,0,0,0,0,0,0,'2016-03-03 07:58:10',77183,'6',18.5089202,73.7916675,'1457015290902'),
 (0,0,0,0,0,0,0,'2016-03-03 07:58:14',77184,'6',18.5089202,73.7916675,'1457015294870'),
 (0,0,0,0,0,0,0,'2016-03-03 07:58:14',77185,'6',18.5089202,73.7916675,'1457015294898'),
 (0,0,0,0,0,0,0,'2016-03-03 07:58:18',77186,'6',18.5089202,73.7916675,'1457015298882'),
 (0,0,0,0,0,0,0,'2016-03-03 07:58:18',77187,'6',18.5089202,73.7916675,'1457015298963'),
 (0,0,0,0,0,0,0,'2016-03-03 07:58:22',77188,'6',18.5089242,73.7917092,'1457015302885'),
 (0,0,0,0,0,0,0,'2016-03-03 07:58:26',77189,'6',18.5089242,73.7917092,'1457015306887'),
 (0,0,0,0,0,0,0,'2016-03-03 07:58:26',77190,'6',18.5089242,73.7917092,'1457015306937'),
 (0,0,0,0,0,0,0,'2016-03-03 07:58:30',77191,'6',18.5089242,73.7917092,'1457015310897'),
 (0,0,0,0,0,0,0,'2016-03-03 07:58:38',77192,'6',18.5089263,73.7916984,'1457015318894'),
 (0,0,0,0,0,0,0,'2016-03-03 07:58:38',77193,'6',18.5089263,73.7916984,'1457015318922'),
 (0,0,0,0,0,0,0,'2016-03-03 07:58:42',77194,'6',18.5089263,73.7916984,'1457015322903'),
 (0,0,0,0,0,0,0,'2016-03-03 07:58:42',77195,'6',18.5089263,73.7916984,'1457015322951'),
 (0,0,0,0,0,0,0,'2016-03-03 07:58:50',77196,'6',18.5089263,73.7916984,'1457015330353'),
 (0,0,0,0,0,0,0,'2016-03-03 07:59:00',77197,'6',18.5089263,73.7916984,'1457015340064'),
 (0,0,0,0,0,0,0,'2016-03-03 07:59:05',77198,'6',18.5088075,73.7917554,'1457015345890'),
 (0,0,0,0,0,0,0,'2016-03-03 07:59:05',77199,'6',18.5088075,73.7917554,'1457015345919'),
 (0,0,0,0,0,0,0,'2016-03-03 07:59:10',77200,'6',18.5088075,73.7917554,'1457015350172'),
 (0,0,0,0,0,0,0,'2016-03-03 07:59:14',77201,'6',18.5088914,73.7917541,'1457015354214'),
 (0,0,0,0,0,0,0,'2016-03-03 07:59:18',77202,'6',18.5088914,73.7917541,'1457015358760'),
 (0,0,0,0,0,0,0,'2016-03-03 07:59:22',77203,'6',18.5088914,73.7917541,'1457015362987'),
 (0,0,0,0,0,0,0,'2016-03-03 07:59:26',77204,'6',18.5090062,73.7917809,'1457015366808'),
 (0,0,0,0,0,0,0,'2016-03-03 07:59:30',77205,'6',18.5089646,73.79176,'1457015370802'),
 (0,0,0,0,0,0,0,'2016-03-03 07:59:34',77206,'6',18.5089646,73.79176,'1457015374808'),
 (0,0,0,0,0,0,0,'2016-03-03 07:59:34',77207,'6',18.5089646,73.79176,'1457015374853'),
 (0,0,0,0,0,0,0,'2016-03-03 07:59:39',77208,'6',18.5089646,73.79176,'1457015379280'),
 (0,0,0,0,0,0,0,'2016-03-03 07:59:45',77209,'6',18.5089646,73.79176,'1457015385139'),
 (0,0,0,0,0,0,0,'2016-03-03 07:59:47',77210,'6',18.5089972,73.7917236,'1457015387104'),
 (0,0,0,0,0,0,0,'2016-03-03 07:59:47',77211,'6',18.5089972,73.7917236,'1457015387142'),
 (0,0,0,0,0,0,0,'2016-03-03 07:59:54',77212,'6',18.5089972,73.7917236,'1457015394040'),
 (0,0,0,0,0,0,0,'2016-03-03 07:59:58',77213,'6',18.5090093,73.791715,'1457015398270'),
 (0,0,0,0,0,0,0,'2016-03-03 08:00:00',77214,'6',18.5090093,73.791715,'1457015400236'),
 (0,0,0,0,0,0,0,'2016-03-03 08:00:02',77215,'6',18.5090093,73.791715,'1457015402282'),
 (0,0,0,0,0,0,0,'2016-03-03 08:00:07',77216,'6',18.5090093,73.791715,'1457015407251'),
 (0,0,0,0,0,0,0,'2016-03-03 08:00:10',77217,'6',18.5090161,73.7917223,'1457015410746'),
 (0,0,0,0,0,0,0,'2016-03-03 08:00:14',77218,'6',18.5090161,73.7917223,'1457015414972'),
 (0,0,0,0,0,0,0,'2016-03-03 08:00:19',77219,'6',18.5090161,73.7917223,'1457015419805'),
 (0,0,0,0,0,0,0,'2016-03-03 08:00:24',77220,'6',18.5090161,73.7917223,'1457015424329'),
 (0,0,0,0,0,0,0,'2016-03-03 08:00:28',77221,'6',18.5086153,73.7910651,'1457015428214'),
 (0,0,0,0,0,0,0,'2016-03-03 08:00:32',77222,'6',18.5086153,73.7910651,'1457015432235'),
 (0,0,0,0,0,0,0,'2016-03-03 08:00:36',77223,'6',18.5086153,73.7910651,'1457015436239'),
 (0,0,0,0,0,0,0,'2016-03-03 08:00:41',77224,'6',18.5086153,73.7910651,'1457015441047'),
 (0,0,0,0,0,0,0,'2016-03-03 08:00:41',77225,'6',18.5086153,73.7910651,'1457015441785'),
 (0,0,0,0,0,0,0,'2016-03-03 08:00:45',77226,'6',18.5086153,73.7910651,'1457015445047'),
 (0,0,0,0,0,0,0,'2016-03-03 08:00:45',77227,'6',18.5086153,73.7910651,'1457015445141'),
 (0,0,0,0,0,0,0,'2016-03-03 08:00:49',77228,'6',18.5086153,73.7910651,'1457015449907'),
 (0,0,0,0,0,0,0,'2016-03-03 08:00:54',77229,'6',18.5086153,73.7910651,'1457015454544'),
 (0,0,0,0,0,0,0,'2016-03-03 08:00:57',77230,'6',18.5086153,73.7910651,'1457015457655'),
 (0,0,0,0,0,0,0,'2016-03-03 08:00:57',77231,'6',18.5086153,73.7910651,'1457015457711'),
 (0,0,0,0,0,0,0,'2016-03-03 08:01:05',77232,'6',18.5086153,73.7910651,'1457015465028'),
 (0,0,0,0,0,0,0,'2016-03-03 08:01:06',77233,'6',18.5090297,73.7917798,'1457015466835'),
 (0,0,0,0,0,0,0,'2016-03-03 08:01:06',77234,'6',18.5090297,73.7917798,'1457015466866'),
 (0,0,0,0,0,0,0,'2016-03-03 08:01:11',77235,'6',18.5090297,73.7917798,'1457015471303'),
 (0,0,0,0,0,0,0,'2016-03-03 08:01:15',77236,'6',18.5090297,73.7917798,'1457015475530'),
 (0,0,0,0,0,0,0,'2016-03-03 08:01:17',77237,'6',18.5090297,73.7917798,'1457015477588'),
 (0,0,0,0,0,0,0,'2016-03-03 08:01:20',77238,'6',18.5090061,73.7917807,'1457015480168'),
 (0,0,0,0,0,0,0,'2016-03-03 08:01:27',77239,'6',18.5090061,73.7917807,'1457015487123'),
 (0,0,0,0,0,0,0,'2016-03-03 08:01:35',77240,'6',18.5086153,73.7910651,'1457015495085'),
 (0,0,0,0,0,0,0,'2016-03-03 08:01:38',77241,'6',18.5086153,73.7910651,'1457015498106'),
 (0,0,0,0,0,0,0,'2016-03-03 08:01:40',77242,'6',18.5086153,73.7910651,'1457015500555'),
 (0,0,0,0,0,0,0,'2016-03-03 08:01:48',77243,'6',18.5086153,73.7910651,'1457015508383'),
 (0,0,0,0,0,0,0,'2016-03-03 08:01:50',77244,'6',18.5086153,73.7910651,'1457015510763'),
 (0,0,0,0,0,0,0,'2016-03-03 08:01:54',77245,'6',18.5086153,73.7910651,'1457015514068'),
 (0,0,0,0,0,0,0,'2016-03-03 08:01:58',77246,'6',18.5086153,73.7910651,'1457015518600'),
 (0,0,0,0,0,0,0,'2016-03-03 08:02:02',77247,'6',18.5086153,73.7910651,'1457015522729'),
 (0,0,0,0,0,0,0,'2016-03-03 08:02:06',77248,'6',18.5086153,73.7910651,'1457015526364'),
 (0,0,0,0,0,0,0,'2016-03-03 08:02:06',77249,'6',18.5086153,73.7910651,'1457015526731'),
 (0,0,0,0,0,0,0,'2016-03-03 08:02:12',77250,'6',18.5086153,73.7910651,'1457015532464'),
 (0,0,0,0,0,0,0,'2016-03-03 08:02:16',77251,'6',18.5086153,73.7910651,'1457015536380'),
 (0,0,0,0,0,0,0,'2016-03-03 08:02:19',77252,'6',18.5086153,73.7910651,'1457015539175'),
 (0,0,0,0,0,0,0,'2016-03-03 08:02:25',77253,'6',18.5091427,73.7917145,'1457015545688'),
 (0,0,0,0,0,0,0,'2016-03-03 08:02:29',77254,'6',18.5091427,73.7917145,'1457015549998'),
 (0,0,0,0,0,0,0,'2016-03-03 08:02:34',77255,'6',18.5088774,73.7915992,'1457015554000'),
 (0,0,0,0,0,0,0,'2016-03-03 08:02:50',77256,'6',18.5088774,73.7915992,'1457015570123'),
 (0,0,0,0,0,0,0,'2016-03-03 08:02:58',77257,'6',18.5088788,73.7915907,'1457015578116'),
 (0,0,0,0,0,0,0,'2016-03-03 08:03:19',77258,'6',18.5088788,73.7915907,'1457015599060'),
 (0,0,0,0,0,0,0,'2016-03-03 08:03:28',77259,'6',18.5088832,73.7915996,'1457015608766'),
 (0,0,0,0,0,0,0,'2016-03-03 08:03:38',77260,'6',18.5088832,73.7915996,'1457015618396'),
 (0,0,0,0,0,0,0,'2016-03-03 08:04:10',77261,'6',18.5088809,73.7915918,'1457015650945'),
 (0,0,0,0,0,0,0,'2016-03-03 08:04:17',77262,'6',18.5088809,73.7915918,'1457015657389');
/*!40000 ALTER TABLE `obdserver` ENABLE KEYS */;


--
-- Definition of table `useraccounts`
--

DROP TABLE IF EXISTS `useraccounts`;
CREATE TABLE `useraccounts` (
  `userid` int(10) unsigned NOT NULL AUTO_INCREMENT,
  `login` varchar(45) NOT NULL,
  `pass` varchar(45) NOT NULL,
  `role` int(10) unsigned DEFAULT '2',
  `fullname` varchar(255) NOT NULL,
  `phoneno` varchar(45) NOT NULL,
  PRIMARY KEY (`userid`) USING BTREE
) ENGINE=MyISAM AUTO_INCREMENT=22 DEFAULT CHARSET=latin1;

--
-- Dumping data for table `useraccounts`
--

/*!40000 ALTER TABLE `useraccounts` DISABLE KEYS */;
INSERT INTO `useraccounts` (`userid`,`login`,`pass`,`role`,`fullname`,`phoneno`) VALUES 
 (15,'rajesh','rajesh',2,'rajesh','9860923474'),
 (17,'admin123','admin123',1,'Admin','9175342565'),
 (20,'shah','shah',2,'Shahadeo','9860923474');
/*!40000 ALTER TABLE `useraccounts` ENABLE KEYS */;


--
-- Definition of table `vehicles`
--

DROP TABLE IF EXISTS `vehicles`;
CREATE TABLE `vehicles` (
  `vehicleId` int(10) unsigned NOT NULL AUTO_INCREMENT,
  `drivername` varchar(45) NOT NULL,
  `vehicleno` varchar(45) NOT NULL,
  `imei` varchar(45) NOT NULL,
  `ownerId` int(10) unsigned NOT NULL COMMENT 'Owner''s User Id',
  PRIMARY KEY (`vehicleId`) USING BTREE
) ENGINE=MyISAM AUTO_INCREMENT=19 DEFAULT CHARSET=latin1 COMMENT='Owner Info with Vehicle Info.';

--
-- Dumping data for table `vehicles`
--

/*!40000 ALTER TABLE `vehicles` DISABLE KEYS */;
INSERT INTO `vehicles` (`vehicleId`,`drivername`,`vehicleno`,`imei`,`ownerId`) VALUES 
 (6,'IBS','MH04DQ1749','865645025450129',15),
 (12,'Pavan','Mh12HG9977','354920061015799',20);
/*!40000 ALTER TABLE `vehicles` ENABLE KEYS */;


--
-- Definition of view `getvechiledata`
--

DROP TABLE IF EXISTS `getvechiledata`;
DROP VIEW IF EXISTS `getvechiledata`;
CREATE ALGORITHM=UNDEFINED DEFINER=`root`@`localhost` SQL SECURITY DEFINER VIEW `getvechiledata` AS select `obdserver`.`obdid` AS `obdid`,`obdserver`.`vehicleId` AS `vehicleid`,`obdserver`.`latsend` AS `latsend`,`obdserver`.`lngsend` AS `lngsend`,`obdserver`.`time` AS `time` from `obdserver` where `obdserver`.`obdid` in (select max(`obdserver`.`obdid`) AS `obdId` from `obdserver` group by `obdserver`.`vehicleId`);



/*!40101 SET SQL_MODE=@OLD_SQL_MODE */;
/*!40014 SET FOREIGN_KEY_CHECKS=@OLD_FOREIGN_KEY_CHECKS */;
/*!40014 SET UNIQUE_CHECKS=@OLD_UNIQUE_CHECKS */;
/*!40101 SET CHARACTER_SET_CLIENT=@OLD_CHARACTER_SET_CLIENT */;
/*!40101 SET CHARACTER_SET_RESULTS=@OLD_CHARACTER_SET_RESULTS */;
/*!40101 SET COLLATION_CONNECTION=@OLD_COLLATION_CONNECTION */;
/*!40101 SET CHARACTER_SET_CLIENT=@OLD_CHARACTER_SET_CLIENT */;
